district,district_id,scheme,cycle,batch_records,n_High,n_Low,n_Medium,p_High,p_Low,p_Medium,k_High,k_Low,k_Medium,S_Sufficient,S_Deficient,OC_High,OC_Low,OC_Medium,pH_Alkaline,pH_Acidic,pH_Neutral,EC_Saline,EC_NonSaline,Fe_Sufficient,Fe_Deficient,Zn_Sufficient,Zn_Deficient,Cu_Sufficient,Cu_Deficient,B_Sufficient,B_Deficient,Mn_Sufficient,Mn_Deficient
Ariyalur,63f9cb8c519359b7438e3856,Soil Health Card RKVY,2026-27,1,0,100,0,0,0,100,0,1,99,55,45,0,99,1,58,0,42,0,100,0,100,38,62,94,5,0,100,1,99
CHENGALPATTU,63f9cc92519359b7438e4f61,Soil Health Card RKVY,2026-27,1,0,7,0,3,0,4,0,7,0,7,0,1,3,3,0,0,7,0,7,6,1,7,0,7,0,4,3,3,4
COIMBATORE,63f9beae519359b7438d0a39,Soil Health Card RKVY,2026-27,12,0,562,22,29,143,412,419,2,163,344,240,4,495,85,72,0,512,13,571,308,276,506,78,582,2,52,532,305,279
CUDDALORE,63f9bef0519359b7438d104b,Soil Health Card RKVY,2026-27,4,0,224,0,106,65,53,24,34,166,88,136,0,224,0,7,0,217,9,215,187,37,217,7,224,0,192,32,197,27
DHARMAPURI,63f9bfb2519359b7438d228b,Soil Health Card RKVY,2026-27,2,0,54,1,43,0,12,22,2,31,18,37,2,34,19,0,0,55,0,55,43,12,36,19,55,0,55,0,0,55
ERODE,63f9c075519359b7438d3493,Soil Health Card RKVY,2026-27,2,0,82,0,0,41,41,58,0,24,51,31,0,82,0,0,0,82,0,82,21,61,57,25,82,0,16,66,20,62
KALLAKURICHI,63f9cc0d519359b7438e43aa,Soil Health Card RKVY,2026-27,2,0,58,0,12,13,33,0,15,43,25,33,0,48,10,1,0,57,0,58,42,16,27,31,55,3,15,43,58,0
KANNIYAKUMARI,63f9c154519359b7438d48e2,Soil Health Card RKVY,2026-27,6,0,308,21,307,1,21,80,34,215,257,72,13,238,78,0,101,228,0,328,329,0,202,127,328,1,68,261,329,0
KARUR,63f9c18b519359b7438d4e04,Soil Health Card RKVY,2026-27,1,0,30,0,13,8,9,27,0,3,30,0,0,27,3,0,0,30,0,30,16,14,5,25,27,3,5,25,30,0
KRISHNAGIRI,63f9c1b6519359b7438d520b,Soil Health Card RKVY,2026-27,10,0,597,0,298,145,154,172,124,301,596,1,33,437,125,29,9,559,0,597,258,337,250,345,501,96,210,387,354,243
MADURAI,63f9c24d519359b7438d5fe5,Soil Health Card RKVY,2026-27,4,0,405,0,375,14,16,330,16,59,116,289,6,141,258,1,1,403,0,405,311,94,286,119,400,5,183,222,402,3
NAMAKKAL,63f9c314519359b7438d7227,Soil Health Card RKVY,2026-27,2,0,14,0,5,7,2,14,0,0,2,12,0,14,0,0,0,14,0,14,0,14,2,12,12,2,14,0,2,12
PERAMBALUR,63f9c378519359b7438d7b94,Soil Health Card RKVY,2026-27,1,0,95,0,1,13,81,76,0,19,18,77,0,95,0,0,0,95,0,95,0,95,0,95,95,0,0,95,90,5
PUDUKKOTTAI,63f9c39d519359b7438d7eda,Soil Health Card RKVY,2026-27,1,0,40,0,40,0,0,22,0,18,16,24,0,40,0,0,0,40,0,40,6,34,9,31,40,0,15,25,39,1
RAMANATHAPURAM,63f9c441519359b7438d8e0d,Soil Health Card RKVY,2026-27,7,1,3414,1,728,1550,1138,3372,7,37,2545,871,14,3262,140,23,143,3250,97,3319,2192,1224,1109,2307,3376,40,1428,1987,3170,246
Ranipet,63f9cd2f519359b7438e5d24,Soil Health Card RKVY,2026-27,1,0,64,0,34,1,29,0,25,39,53,11,0,64,0,0,0,64,0,64,0,64,59,5,64,0,22,42,0,64
SALEM,63f9c497519359b7438d9614,Soil Health Card RKVY,2026-27,6,0,421,0,289,12,120,162,15,244,312,109,0,421,0,2,0,419,1,420,421,0,285,136,421,0,362,59,418,3
SIVAGANGA,63f9c52a519359b7438da3d7,Soil Health Card RKVY,2026-27,10,4,5782,118,2375,812,2717,3422,109,2373,4903,1001,33,5405,466,28,675,5201,117,5787,5291,613,858,5046,5859,41,4298,1605,5649,255
TENKASI,63f9cdb7519359b7438e692b,Soil Health Card RKVY,2026-27,2,0,29,3,1,10,21,0,2,30,4,28,0,30,2,0,0,32,0,32,31,1,30,2,32,0,32,0,13,19
THANJAVUR,63f9c597519359b7438dae18,Soil Health Card RKVY,2026-27,1,0,1,0,0,1,0,0,0,1,0,1,0,0,1,0,0,1,0,1,1,0,1,0,1,0,0,1,1,0
THE NILGIRIS,63f9c662519359b7438dbfde,Soil Health Card RKVY,2026-27,4,0,869,59,512,184,232,810,14,104,865,63,432,332,164,1,293,634,0,928,867,61,848,80,905,23,159,769,839,89
THENI,63f9c67a519359b7438dc208,Soil Health Card RKVY,2026-27,4,0,166,4,44,27,99,162,3,5,46,124,8,126,36,1,5,164,10,160,150,20,170,0,169,0,25,145,163,7
THIRUVALLUR,63f9c696519359b7438dc499,Soil Health Card RKVY,2026-27,3,0,66,0,1,41,24,45,19,2,0,66,3,51,12,0,0,66,0,66,4,62,46,20,64,2,22,44,11,55
TIRUCHIRAPPALLI,63f9c7d4519359b7438ddfbd,Soil Health Card RKVY,2026-27,6,0,184,0,43,94,47,162,0,22,183,1,0,184,0,18,0,166,4,180,134,50,184,0,184,0,85,99,184,0
TIRUNELVELI,63f9c84c519359b7438deaa7,Soil Health Card RKVY,2026-27,5,0,254,11,180,20,65,175,2,88,170,95,34,56,175,22,2,241,6,259,226,39,200,64,219,42,110,155,234,31
TIRUPPUR,63f9cbbc519359b7438e3ca7,Soil Health Card RKVY,2026-27,6,0,347,10,23,53,281,349,0,8,305,52,19,303,35,54,0,303,1,356,18,339,333,24,357,0,185,172,84,273
TUTICORIN,63f9c989519359b7438e084c,Soil Health Card RKVY,2026-27,8,33,6427,17,563,1936,3978,5957,182,338,4322,2155,19,6187,271,107,43,6327,151,6326,668,5809,3329,3148,6367,107,2330,4146,6236,241
Tirupathur,63f9cd80519359b7438e6435,Soil Health Card RKVY,2026-27,3,0,198,0,4,9,185,6,1,191,182,16,0,192,6,0,0,198,0,198,0,198,198,0,198,0,130,68,194,4
VILLUPURAM,63f9ca3a519359b7438e194b,Soil Health Card RKVY,2026-27,2,0,89,0,74,0,15,31,0,58,53,36,5,80,4,0,0,89,1,88,0,89,80,9,89,0,0,89,3,86
VIRUDHUNAGAR,63f9cb02519359b7438e2c10,Soil Health Card RKVY,2026-27,7,3,5138,16,506,3355,1296,4693,42,422,1801,3356,297,3820,1040,486,27,4644,371,4785,94,5027,2217,2878,4577,580,3462,1694,5086,58
